{"LogisticRegression": 0.32418300653594767, "SVC": 0.0, "DecisionTreeClassifier": 0.4060822898032201, "RandomForestClassifier": 0.44470868014268733, "ExtraTreesClassifier": 0.44155844155844154, "AdaBoostClassifier": 0.44609665427509293, "XGBClassifier": 0.4733178654292343, "MLPClassifier": 0.39073514602215514, "LGBMClassifier": 0.48406139315230223, "CatBoostClassifier": 0.4952380952380952}